{"nodes":{"node:256":{"location":{"x":-464,"y":44}},"node:512":{"location":{"x":168,"y":84}}},"selection":null,"view":{"scroll":{"x":-713.67340087890625,"y":-158.104644775390625},"visible_rect":{"max":{"x":534.32659912109375,"y":546.8953857421875},"min":{"x":-713.67340087890625,"y":-158.104644775390625}},"zoom":1}}