{"nodes":{"node:1024":{"location":{"x":195,"y":240}},"node:1280":{"location":{"x":-148,"y":-52}},"node:1536":{"location":{"x":-704,"y":-84}},"node:1792":{"location":{"x":-664,"y":368}},"node:2048":{"location":{"x":-260,"y":272}},"node:2304":{"location":{"x":-213,"y":124}},"node:256":{"location":{"x":-640,"y":238}},"node:2560":{"location":{"x":224,"y":-64}},"node:2816":{"location":{"x":-440,"y":-160}},"node:3072":{"location":{"x":-280,"y":592}},"node:512":{"location":{"x":-600,"y":32}},"node:768":{"location":{"x":40,"y":299}}},"selection":null,"view":{"scroll":{"x":-858.92596435546875,"y":-199.3746337890625},"visible_rect":{"max":{"x":578.765380859375,"y":886.16717529296875},"min":{"x":-1145.234619140625,"y":-265.832855224609375}},"zoom":0.75}}