{"nodes":{"node:256":{"location":{"x":-880,"y":-18}},"node:512":{"location":{"x":-728,"y":148}}},"selection":null,"view":{"scroll":{"x":-1385.5543212890625,"y":-95.7941207885742188},"visible_rect":{"max":{"x":-92.749969482421875,"y":394.591949462890625},"min":{"x":-934.25,"y":-64.591949462890625}},"zoom":1.48306596279144287}}