{"nodes":{"node:1024":{"location":{"x":-472,"y":204}},"node:1280":{"location":{"x":-237,"y":204}},"node:1536":{"location":{"x":-8,"y":204}},"node:1792":{"location":{"x":-398,"y":412}},"node:2048":{"location":{"x":-693,"y":492}},"node:256":{"location":{"x":-944,"y":204}},"node:512":{"location":{"x":-696,"y":204}},"node:768":{"group_size":{"x":1152,"y":558},"location":{"x":-976,"y":96}}},"selection":null,"view":{"scroll":{"x":-1355.49560546875,"y":-22.3610458374023438},"visible_rect":{"max":{"x":268.403533935546875,"y":785.31121826171875},"min":{"x":-1084.396484375,"y":-17.8888378143310547}},"zoom":1.25}}