{"nodes":{"node:256":{"location":{"x":-480,"y":-16}},"node:512":{"location":{"x":-8,"y":84}}},"selection":null,"view":{"scroll":{"x":-592.18585205078125,"y":-222.1019287109375},"visible_rect":{"max":{"x":700.81414794921875,"y":641.8980712890625},"min":{"x":-592.18585205078125,"y":-222.1019287109375}},"zoom":1}}